fecha,cliente_id,categoria,region,canal,unidades,precio_unitario,descuento,antiguedad_cliente_meses,importe
2026-11-01,C1000,Hogar,Madrid,Online,8,99.92,0.07,63,929.3128291079371
2026-11-02,C1001,Servicios,Madrid,Distribuidor,5,192.95,0.1,52,811.5498948920091
2026-11-03,C1002,Moda,Madrid,Online,7,39.77,0.05,26,417.10380583110674
2026-11-04,C1003,Alimentación,Valencia,Online,9,25.17,0.06,53,342.62837249017707
2026-11-05,C1004,Tecnología,Castilla-La Mancha,Distribuidor,8,,0.09,29,1884.4602775117985
2026-11-06,C1005,Tecnología,Valencia,Online,7,263.16,0.07,19,1477.3555097230976
2026-11-07,C1006,Tecnología,Castilla-La Mancha,Tienda,14,289.21,0.05,47,4393.73397535456
2026-11-08,C1007,Servicios,Valencia,Online,9,166.96,0.1,8,1618.5355919890128
2026-11-09,C1008,Alimentación,Valencia,Distribuidor,14,16.61,0.07,23,294.768942807958
2026-11-10,C1009,Moda,Andalucía,Online,7,89.3,0.08,35,572.9150109793075
2026-11-11,C1010,Tecnología,Valencia,Distribuidor,12,282.31,0.07,53,3355.6794409419854
2026-11-12,C1011,Servicios,Cataluña,Tienda,13,187.79,0.06,58,2042.5364932273144
2026-11-13,C1012,Moda,Andalucía,Online,9,85.27,0.05,5,642.4399489352132
2026-11-14,C1013,Tecnología,Valencia,Tienda,11,240.71,0.07,16,2233.2613989856363
2026-11-15,C1014,Tecnología,Madrid,Distribuidor,9,289.52,0.08,17,2185.599950428775
2026-11-16,C1015,Tecnología,Cataluña,Tienda,2,268.58,0.12,32,544.5216636676151
2026-11-17,C1016,Hogar,Cataluña,Online,12,110.56,0.01,52,1432.8650341018617
2026-11-18,C1017,Alimentación,Cataluña,Tienda,11,41.56,0.13,20,542.9172552084507
2026-11-19,C1018,Alimentación,Andalucía,Tienda,7,29.55,0.06,66,587.181652385844
2026-11-20,C1019,Hogar,Valencia,Tienda,7,128.92,0.02,1,697.3370385445646
2026-11-21,C1020,Alimentación,Valencia,Tienda,7,34.39,0.01,58,357.8674619621026
2026-11-22,C1021,Tecnología,Madrid,Online,13,282.52,0.02,44,3408.555696464866
2026-11-23,C1022,Hogar,Madrid,Online,8,112.65,0.1,6,1057.983578551109
2026-11-24,C1023,Hogar,Cataluña,Tienda,11,104.03,0.0,50,1344.9745928446384
2026-11-25,C1024,Alimentación,Madrid,Online,4,23.9,0.04,20,41.63170618836849
2026-11-26,C1025,Moda,Andalucía,Online,7,,0.07,14,393.8691613125336
2026-11-27,C1026,Tecnología,Valencia,Distribuidor,11,307.56,0.07,5,3498.276260660647
2026-11-28,C1027,Alimentación,Cataluña,Tienda,5,57.08,0.0,41,531.6735112771029
2026-11-29,C1028,Alimentación,Madrid,Tienda,11,25.2,0.06,40,260.77145682481853
2026-11-30,C1029,Tecnología,Andalucía,Distribuidor,10,280.9,0.04,34,3122.3956292963703
2026-11-31,C1030,Alimentación,Andalucía,Tienda,5,30.68,0.07,45,398.74572509264664
2026-11-01,C1031,Tecnología,Madrid,Distribuidor,15,281.95,0.13,71,4223.6084489264695
2026-11-02,C1032,Tecnología,Valencia,Tienda,7,283.88,0.05,71,2553.13123207454
2026-11-03,C1033,Servicios,Madrid,Online,5,187.91,0.13,27,754.9071595587304
2026-11-04,C1034,Servicios,Cataluña,Online,6,136.48,0.19,44,548.4305117983398
2026-11-05,C1035,Moda,Madrid,Tienda,8,75.5,0.02,33,683.3220138620034
2026-11-06,C1036,Hogar,,Tienda,9,114.02,0.08,33,1023.2064763910457
2026-11-07,C1037,Tecnología,Madrid,Online,11,269.43,0.02,44,2704.6206650732756
2026-11-08,C1038,Moda,Valencia,Online,9,81.91,0.2,20,485.43270497518523
2026-11-09,C1039,Alimentación,Castilla-La Mancha,Online,7,57.0,0.07,36,666.2850243603727
2026-11-10,C1040,Tecnología,Madrid,Online,7,290.34,0.03,7,2402.4981507885823
2026-11-11,C1041,Alimentación,Valencia,Tienda,10,27.22,0.13,32,364.66960032765326
2026-11-12,C1042,Tecnología,Valencia,Online,11,263.86,0.05,67,2858.971890862978
2026-11-13,C1043,Servicios,Andalucía,Tienda,9,134.91,0.1,39,1473.0623475763543
2026-11-14,C1044,Hogar,Valencia,Tienda,6,122.74,0.14,24,651.9537870809966
2026-11-15,C1045,Moda,Valencia,Tienda,12,78.69,0.02,70,1281.3620084818876
2026-11-16,C1046,Hogar,Valencia,Distribuidor,9,118.47,0.02,54,1344.3154392953413
2026-11-17,C1047,Alimentación,Valencia,Online,8,49.01,0.02,38,533.8525210605685
2026-11-18,C1048,Alimentación,Cataluña,Tienda,8,15.2,0.12,32,155.20256254604124
2026-11-19,C1049,Tecnología,Cataluña,Online,7,277.43,0.04,45,2230.187275168186
2026-11-20,C1050,Servicios,Andalucía,Online,8,176.25,0.02,61,1402.5277251138027
2026-11-21,C1051,Moda,Madrid,Distribuidor,10,68.35,0.1,70,936.954968818029
2026-11-22,C1052,Servicios,Valencia,Online,8,197.52,0.1,53,1674.3623950774445
2026-11-23,C1053,Servicios,Madrid,Online,10,178.43,0.08,51,1735.766824521782
2026-11-24,C1054,Alimentación,Madrid,Tienda,10,30.58,0.11,56,346.99594421577734
2026-11-25,C1055,Servicios,Andalucía,Online,15,165.95,0.06,27,2201.1694088078307
2026-11-26,C1056,Tecnología,Valencia,Distribuidor,12,299.93,0.03,38,3495.9893656502336
2026-11-27,C1057,Tecnología,Valencia,Online,3,258.53,0.09,62,1060.2307265398244
2026-11-28,C1058,Tecnología,Castilla-La Mancha,Distribuidor,4,271.71,0.07,18,881.2365087092738
2026-11-01,C1059,Hogar,Madrid,Tienda,9,145.41,0.04,64,1485.2352339170802
2026-11-02,C1060,Hogar,Madrid,Tienda,7,127.02,0.05,30,821.1930349968798
2026-11-03,C1061,Hogar,Cataluña,Distribuidor,11,119.7,0.08,49,1030.1822140848305
2026-11-04,C1062,Moda,Castilla-La Mancha,Online,9,70.33,0.06,41,691.9176978323687
2026-11-05,C1063,Hogar,Cataluña,Distribuidor,16,105.8,0.01,13,1411.784449499311
2026-11-06,C1064,Hogar,Cataluña,Online,10,118.97,0.11,34,843.2401825591006
2026-11-07,C1065,Alimentación,Cataluña,Tienda,5,29.75,0.15,25,107.6595394731392
2026-11-08,C1066,Tecnología,Andalucía,Online,6,282.69,0.13,66,1868.0159931758192
2026-11-09,C1067,Moda,Andalucía,Tienda,4,47.41,0.05,18,100.02694004150891
2026-11-10,C1068,Tecnología,Cataluña,Online,10,285.97,0.02,5,2783.6018669550426
2026-11-11,C1069,Servicios,Castilla-La Mancha,Distribuidor,9,195.25,0.05,19,1735.4171140674798
2026-11-12,C1070,Moda,Madrid,Distribuidor,11,66.94,0.01,42,947.0976301698224
2026-11-13,C1071,Tecnología,Castilla-La Mancha,Distribuidor,7,289.71,0.05,18,1877.1595545863956
2026-11-14,C1072,Tecnología,Valencia,Online,10,284.66,0.08,32,2799.395778193692
2026-11-15,C1073,Moda,Andalucía,Tienda,8,60.88,0.08,21,471.495654393697
2026-11-16,C1074,Moda,Madrid,Tienda,12,54.12,0.07,10,668.8229755212818
2026-11-17,C1075,Moda,Madrid,Online,7,56.22,0.03,37,827.0090864452765
2026-11-18,C1076,Moda,Valencia,Online,9,74.39,0.11,49,789.4902858098203
2026-11-19,C1077,Tecnología,Valencia,Online,8,279.16,0.05,13,2382.4118801842965
2026-11-20,C1078,Hogar,Cataluña,Tienda,7,,0.02,55,1000.8230291691932
2026-11-21,C1079,Tecnología,Andalucía,Tienda,10,291.86,0.08,17,2547.7604217582366
2026-11-22,C1080,Servicios,Andalucía,Tienda,11,191.83,0.03,9,1990.011681601082
2026-11-23,C1081,Alimentación,Castilla-La Mancha,Online,11,38.95,0.04,44,665.3747045491942
2026-11-24,C1082,Hogar,Cataluña,Online,5,105.57,0.03,46,630.3354501758004
2026-11-25,C1083,Tecnología,Cataluña,Online,12,284.88,0.03,8,3649.2300767050115
2026-11-26,C1084,Hogar,Cataluña,Distribuidor,8,,0.05,37,926.1353276004434
2026-11-27,C1085,Hogar,Cataluña,Online,11,102.92,0.04,19,1267.4951440844734
2026-11-28,C1086,Moda,Andalucía,Online,4,88.15,0.02,63,606.4931754266926
2026-11-29,C1087,Alimentación,Andalucía,Online,7,51.53,0.02,46,440.9088978228168
2026-11-30,C1088,Servicios,Cataluña,Distribuidor,9,162.84,0.08,71,1534.4451772923073
2026-11-31,C1089,Alimentación,Castilla-La Mancha,Distribuidor,6,25.43,0.04,26,78.77233601750106
2026-11-01,C1090,Tecnología,Madrid,Tienda,6,271.75,0.12,46,1589.1111766493138
2026-11-02,C1091,Moda,Madrid,Tienda,6,79.15,0.05,46,583.9936931879955
2026-11-03,C1092,Moda,Castilla-La Mancha,Tienda,15,77.42,0.06,14,1183.9722642989427
2026-11-04,C1093,Alimentación,Cataluña,Online,4,35.67,0.03,63,387.1135153751962
2026-11-05,C1094,Moda,Andalucía,Distribuidor,8,74.11,0.01,3,366.4945409960546
2026-11-06,C1095,Alimentación,Madrid,Tienda,14,15.69,0.03,28,211.69979028787407
2026-11-07,C1096,Alimentación,Valencia,Tienda,7,40.72,0.08,29,387.75373016206885
2026-11-08,C1097,Alimentación,Valencia,Tienda,5,33.49,0.01,18,37.439693370202775
2026-11-09,C1098,Tecnología,Castilla-La Mancha,Tienda,8,269.81,0.06,35,2399.6213538222596
2026-11-10,C1099,Tecnología,Cataluña,Tienda,10,257.01,0.07,47,2333.2728457718977
2026-11-11,C1100,Tecnología,Madrid,Distribuidor,5,280.4,0.14,5,1085.3920349331277
2026-11-12,C1101,Alimentación,Cataluña,Distribuidor,8,40.35,0.06,59,295.5547441337199
2026-11-13,C1102,Hogar,Madrid,Tienda,10,94.46,0.03,59,1041.826731166713
2026-11-14,C1103,Alimentación,Castilla-La Mancha,Tienda,6,35.28,0.11,47,368.919019636474
2026-11-15,C1104,Servicios,Castilla-La Mancha,Online,9,181.83,0.05,13,1653.883675186536
2026-11-16,C1105,Hogar,Valencia,Tienda,13,111.69,0.04,33,1374.3466568063393
2026-11-17,C1106,Hogar,Cataluña,Online,5,125.7,0.04,62,700.2295084073486
2026-11-18,C1107,Moda,Valencia,Tienda,11,68.01,0.12,16,890.6204151575973
2026-11-19,C1108,Hogar,Cataluña,Distribuidor,10,124.25,0.07,44,1145.6538747670847
2026-11-20,C1109,Tecnología,Valencia,Tienda,12,288.01,0.04,58,3320.131205263161
2026-11-21,C1110,Hogar,Andalucía,Tienda,10,128.02,0.1,6,871.9689972464834
2026-11-22,C1111,Tecnología,Andalucía,Online,11,295.25,0.03,15,3871.8417904771754
2026-11-23,C1112,Servicios,Andalucía,Online,6,185.07,0.15,4,876.2117776533937
2026-11-24,C1113,Moda,Andalucía,Tienda,8,62.84,0.06,56,410.263213829857
2026-11-25,C1114,Alimentación,Madrid,Online,10,25.28,0.13,64,421.97688325955124
2026-11-26,C1115,Servicios,Andalucía,Online,7,164.05,0.02,68,1188.9035274288694
2026-11-27,C1116,Moda,Castilla-La Mancha,Online,8,72.27,0.09,34,585.8402119743064
2026-11-28,C1117,Tecnología,Castilla-La Mancha,Tienda,10,299.82,0.11,56,2637.0800436327813
2026-11-29,C1118,Servicios,Madrid,Tienda,8,174.62,0.12,32,1255.9201254179911
2026-11-30,C1119,Alimentación,Andalucía,Online,11,41.74,0.02,9,791.5425302548024
2026-11-01,C1120,Moda,Andalucía,Tienda,11,58.72,0.14,63,674.3507865927414
2026-11-02,C1121,Servicios,Andalucía,Tienda,11,182.92,0.13,33,2030.533374794127
2026-11-03,C1122,Hogar,Valencia,Tienda,6,138.89,0.09,21,1299.3466331662896
2026-11-04,C1123,Tecnología,Cataluña,Tienda,11,290.29,0.12,55,2437.786651053672
2026-11-05,C1124,Hogar,Valencia,Online,13,96.44,0.09,57,1609.0386711305748
2026-11-06,C1125,Alimentación,Cataluña,Tienda,4,43.56,0.0,2,168.11169013479298
2026-11-07,C1126,Moda,Andalucía,Tienda,7,79.24,0.08,13,525.2637760725439
2026-11-08,C1127,Servicios,Andalucía,Distribuidor,13,182.6,0.05,4,2696.6409337389687
2026-11-09,C1128,Tecnología,,Tienda,3,290.01,0.05,50,925.9420444857851
2026-11-10,C1129,Alimentación,Valencia,Online,5,22.5,0.11,48,392.9154751751919
2026-11-11,C1130,Hogar,Cataluña,Online,11,120.95,0.05,30,1504.9197971114438
2026-11-12,C1131,Hogar,Castilla-La Mancha,Tienda,6,136.65,0.07,29,800.5672678967488
2026-11-13,C1132,Tecnología,Cataluña,Distribuidor,8,295.3,0.05,8,2454.2151587206217
2026-11-14,C1133,Hogar,Valencia,Tienda,9,128.22,0.06,12,985.3526007935221
2026-11-15,C1134,Servicios,,Tienda,7,166.76,0.06,41,1262.9778357440935
2026-11-16,C1135,Hogar,Madrid,Tienda,12,104.39,0.02,26,1003.3042921967223
2026-11-17,C1136,Alimentación,Valencia,Tienda,11,36.72,0.06,50,580.375522692172
2026-11-18,C1137,Moda,Madrid,Online,10,72.71,0.08,2,508.192947426983
2026-11-19,C1138,Hogar,Castilla-La Mancha,Distribuidor,12,118.49,0.09,55,1234.7941402089639
2026-11-20,C1139,Servicios,Cataluña,Online,9,167.93,0.04,56,1835.7599552125077
2026-11-21,C1140,Servicios,Cataluña,Tienda,8,186.55,0.08,14,1302.973629393244
2026-11-22,C1141,Hogar,Madrid,Distribuidor,9,121.65,0.03,6,1354.7526464320424
2026-11-23,C1142,Alimentación,Cataluña,Online,5,39.35,0.02,61,443.00347949162494
2026-11-24,C1143,Hogar,Valencia,Online,11,128.9,0.07,12,1133.788804285997
2026-11-25,C1144,Hogar,Andalucía,Online,9,115.9,0.07,13,1003.2279729909983
2026-11-26,C1145,Tecnología,Madrid,Distribuidor,8,272.67,0.08,19,1811.368381741342
2026-11-27,C1146,Alimentación,Cataluña,Online,12,51.61,0.03,44,586.4928140247443
2026-11-28,C1147,Alimentación,Madrid,Online,9,23.64,0.05,59,358.4269386620918
2026-11-29,C1148,Tecnología,Madrid,Online,8,272.96,0.01,37,2518.126765825281
2026-11-30,C1149,Hogar,Andalucía,Online,13,138.51,0.05,25,1932.1952230861957
2026-11-31,C1150,Servicios,Valencia,Online,12,171.79,0.19,16,1560.4052428062885
2026-11-01,C1151,Hogar,Madrid,Tienda,14,118.52,0.03,38,1964.755986394137
2026-11-02,C1152,Tecnología,Cataluña,Tienda,12,273.82,0.13,43,2648.1462598150324
2026-11-03,C1153,Alimentación,Castilla-La Mancha,Online,11,8.25,0.06,14,213.42011002477796
2026-11-04,C1154,Servicios,Madrid,Online,11,178.15,0.06,6,2066.253876269718
2026-11-05,C1155,Hogar,Madrid,Online,11,104.84,0.02,23,1167.8592647293694
2026-11-06,C1156,Moda,Andalucía,Online,3,73.82,0.08,60,431.24152614823817
2026-11-07,C1157,Moda,Valencia,Tienda,16,86.58,0.04,12,1189.7098555437512
2026-11-08,C1158,Hogar,Castilla-La Mancha,Tienda,11,86.79,0.07,13,835.5150930069411
2026-11-09,C1159,Moda,Cataluña,Online,6,63.9,0.05,6,681.5551478084693
2026-11-10,C1160,Hogar,Castilla-La Mancha,Tienda,10,126.78,0.03,63,1395.3645625357003
2026-11-11,C1161,Alimentación,Cataluña,Online,10,2.25,0.07,38,91.20985712583845
2026-11-12,C1162,Alimentación,Valencia,Distribuidor,9,55.04,0.08,50,514.5357870639374
2026-11-13,C1163,Alimentación,Cataluña,Tienda,9,40.7,0.05,52,540.8188833346181
2026-11-14,C1164,Tecnología,,Tienda,12,296.25,0.03,40,2980.5704860777496
2026-11-15,C1165,Moda,Andalucía,Online,8,61.54,0.04,8,270.877075351846
2026-11-16,C1166,Hogar,Andalucía,Distribuidor,10,113.35,0.1,61,1279.6621667654936
2026-11-17,C1167,Tecnología,Andalucía,Online,8,277.59,0.07,8,2248.331202893526
2026-11-18,C1168,Tecnología,Castilla-La Mancha,Online,4,312.07,0.08,34,997.67237657813
2026-11-19,C1169,Alimentación,Valencia,Online,11,54.77,0.08,60,630.635967513893
2026-11-20,C1170,Moda,Cataluña,Online,8,71.99,0.01,57,886.735642131891
2026-11-21,C1171,Tecnología,Cataluña,Distribuidor,7,283.82,0.03,46,2314.9601829171347
2026-11-22,C1172,Alimentación,Andalucía,Tienda,12,44.52,0.14,22,523.430020455413
2026-11-23,C1173,Hogar,Andalucía,Online,5,155.87,0.01,40,987.1574877020785
2026-11-24,C1174,Alimentación,Madrid,Tienda,5,40.74,0.04,45,161.78494359642588
2026-11-25,C1175,Tecnología,Valencia,Distribuidor,6,280.69,0.12,55,1630.0358708831125
2026-11-26,C1176,Moda,Castilla-La Mancha,Distribuidor,9,64.92,0.05,51,740.9954933868951
2026-11-27,C1177,Hogar,Cataluña,Tienda,11,123.52,0.04,5,1400.6797156178088
2026-11-28,C1178,Servicios,Madrid,Distribuidor,13,171.19,0.06,13,1788.7795171539985
2026-11-29,C1179,Tecnología,Madrid,Distribuidor,10,287.44,0.06,28,3182.291354443428
2026-11-30,C1180,Hogar,,Tienda,4,98.51,0.04,62,255.20220960141626
2026-11-01,C1181,Tecnología,Castilla-La Mancha,Online,9,276.09,0.0,24,2241.210216142948
2026-11-02,C1182,Servicios,Madrid,Online,8,191.02,0.03,7,1755.1326365280495
2026-11-03,C1183,Servicios,Madrid,Distribuidor,11,185.54,0.06,38,1900.811243956442
2026-11-04,C1184,Hogar,Valencia,Online,8,113.06,0.04,37,830.2714366752823
2026-11-05,C1185,Alimentación,Castilla-La Mancha,Distribuidor,11,31.52,0.1,68,575.3093213538896
2026-11-06,C1186,Moda,Madrid,Online,10,85.53,0.05,42,697.5158847341285
2026-11-07,C1187,Alimentación,Castilla-La Mancha,Online,5,16.84,0.09,5,388.9135754675399
2026-11-08,C1188,Alimentación,Cataluña,Online,7,16.93,0.03,64,52.31470622312262
2026-11-09,C1189,Hogar,Andalucía,Online,10,106.06,0.09,50,968.5820312543703
2026-11-10,C1190,Tecnología,Madrid,Distribuidor,12,279.84,0.02,15,2871.6179838294447
2026-11-11,C1191,Servicios,Valencia,Distribuidor,12,159.65,0.05,53,1979.6566418444056
2026-11-12,C1192,Servicios,Cataluña,Distribuidor,4,,0.11,25,513.2570961416898
2026-11-13,C1193,Alimentación,Castilla-La Mancha,Tienda,8,21.14,0.03,9,263.13917752002897
2026-11-14,C1194,Hogar,Cataluña,Online,11,123.37,0.07,38,1241.8980836712042
2026-11-15,C1195,Hogar,Madrid,Tienda,11,111.31,0.07,22,1053.1418592829716
2026-11-16,C1196,Moda,Castilla-La Mancha,Tienda,12,,0.04,49,732.1037686852669
2026-11-17,C1197,Servicios,Andalucía,Tienda,6,155.95,0.11,68,1095.3970258865954
2026-11-18,C1198,Servicios,Cataluña,Online,6,195.02,0.06,15,1153.490795823315
2026-11-19,C1199,Moda,Madrid,Tienda,11,55.58,0.11,65,574.6818243364875
2026-11-20,C1200,Alimentación,Valencia,Tienda,11,19.01,0.05,54,559.4152995388802
2026-11-21,C1201,Tecnología,Castilla-La Mancha,Distribuidor,10,315.69,0.15,30,2326.017473190511
2026-11-22,C1202,Tecnología,Cataluña,Distribuidor,6,288.31,0.17,20,1511.5609096191047
2026-11-23,C1203,Servicios,Cataluña,Tienda,13,194.44,0.05,33,2179.2378588850215
2026-11-24,C1204,Alimentación,Andalucía,Tienda,7,41.88,0.14,7,431.21122006160414
2026-11-25,C1205,Tecnología,Andalucía,Tienda,11,273.21,0.04,8,2961.0864713893475
2026-11-26,C1206,Tecnología,Valencia,Online,7,260.4,0.01,28,1500.9594650438603
2026-11-27,C1207,Moda,Valencia,Distribuidor,17,65.52,0.1,45,1231.119132642813
2026-11-28,C1208,Tecnología,,Distribuidor,12,265.33,0.02,11,3352.5153949295936
2026-11-29,C1209,Tecnología,Madrid,Tienda,7,266.23,0.07,31,1879.9738141908226
2026-11-30,C1210,Alimentación,Valencia,Online,5,11.25,0.06,12,194.81293486636116
2026-11-31,C1211,Moda,Valencia,Online,12,71.72,0.07,51,957.2082928513072
2026-11-01,C1212,Alimentación,Castilla-La Mancha,Tienda,8,58.6,0.07,44,583.0176082499502
2026-11-02,C1213,Hogar,Andalucía,Online,9,128.37,0.03,50,1315.6703726775265
2026-11-03,C1214,Moda,Madrid,Distribuidor,9,68.41,0.06,17,898.9638921108531
2026-11-04,C1215,Hogar,Andalucía,Online,8,119.39,0.04,35,1060.3567554515616
2026-11-05,C1216,Hogar,Andalucía,Online,12,74.28,0.06,1,1128.7848583486386
2026-11-06,C1217,Moda,Valencia,Distribuidor,14,63.64,0.04,29,955.9840138328077
2026-11-07,C1218,Alimentación,Castilla-La Mancha,Tienda,10,13.6,0.12,51,296.9100046617049
2026-11-08,C1219,Servicios,Cataluña,Online,12,182.02,0.05,64,1994.5014375789942
2026-11-09,C1220,Alimentación,Castilla-La Mancha,Online,12,31.1,0.04,4,236.26175083609
2026-11-10,C1221,Alimentación,Castilla-La Mancha,Online,12,21.96,0.07,28,276.19311991754205
2026-11-11,C1222,Tecnología,Andalucía,Tienda,8,281.68,0.03,16,2113.9125706099117
2026-11-12,C1223,Hogar,Castilla-La Mancha,Online,3,121.55,0.03,63,374.6275178664049
2026-11-13,C1224,Hogar,Madrid,Tienda,6,142.78,0.15,53,626.1978791209682
2026-11-14,C1225,Hogar,Andalucía,Distribuidor,9,130.3,0.03,17,974.2111319293597
2026-11-15,C1226,Servicios,Madrid,Online,14,183.25,0.05,40,2104.9511145917627
2026-11-16,C1227,Hogar,Cataluña,Distribuidor,11,105.79,0.09,13,1208.5244155395644
2026-11-17,C1228,Servicios,Andalucía,Distribuidor,8,163.9,0.15,52,1157.558010196473
2026-11-18,C1229,Alimentación,Cataluña,Online,5,43.98,0.14,58,232.36797484118006
2026-11-19,C1230,Moda,Andalucía,Distribuidor,13,67.0,0.02,37,1032.0003686393634
2026-11-20,C1231,Alimentación,Valencia,Tienda,10,38.74,0.06,61,570.6126576326724
2026-11-21,C1232,Alimentación,Castilla-La Mancha,Distribuidor,11,49.67,0.12,34,435.7853723800012
2026-11-22,C1233,Alimentación,Valencia,Tienda,12,12.3,0.07,70,387.3750953426966
2026-11-23,C1234,Tecnología,Cataluña,Tienda,5,300.96,0.03,17,1476.9572509534996
2026-11-24,C1235,Moda,Castilla-La Mancha,Tienda,6,84.54,0.02,20,245.06196323806472
2026-11-25,C1236,Hogar,Andalucía,Distribuidor,5,89.18,0.09,59,818.369422038632
2026-11-26,C1237,Tecnología,Castilla-La Mancha,Tienda,9,315.3,0.01,69,2976.2758644093533
2026-11-27,C1238,Alimentación,Madrid,Tienda,10,39.82,0.12,33,354.8654847061123
2026-11-28,C1239,Tecnología,Castilla-La Mancha,Distribuidor,3,272.82,0.01,17,754.0415350521413
2026-11-29,C1240,Servicios,Madrid,Online,12,187.79,0.12,57,2341.6814246548047
2026-11-30,C1241,Servicios,Castilla-La Mancha,Online,7,165.34,0.1,1,970.0231838663283
2026-11-31,C1242,Servicios,Madrid,Online,10,188.19,0.17,13,1508.72848149541
2026-11-01,C1243,Hogar,Cataluña,Online,15,108.1,0.08,27,1442.7377560446184
2026-11-02,C1244,Tecnología,Valencia,Online,12,310.31,0.03,70,3567.915393431305
2026-11-03,C1245,Servicios,Andalucía,Distribuidor,9,180.9,0.09,59,1228.7701530432612
2026-11-04,C1246,Alimentación,Castilla-La Mancha,Online,9,44.75,0.03,6,347.82859375173615
2026-11-05,C1247,Servicios,Valencia,Tienda,12,,0.04,23,1699.512946065112
2026-11-06,C1248,Servicios,Andalucía,Online,13,192.25,0.07,10,1975.2484671952939
2026-11-07,C1249,Servicios,Andalucía,Distribuidor,14,179.81,0.01,51,2209.9365764652775
2026-11-08,C1250,Hogar,Madrid,Distribuidor,10,98.82,0.04,19,921.6038949853037
2026-11-09,C1251,Hogar,Cataluña,Tienda,12,116.42,0.11,51,1325.4120046401556
2026-11-10,C1252,Servicios,Cataluña,Distribuidor,6,208.97,0.16,68,1222.5560434710867
2026-11-11,C1253,Hogar,Valencia,Online,11,132.88,0.03,42,1567.5590791278337
2026-11-12,C1254,Tecnología,Cataluña,Distribuidor,9,274.32,0.1,57,2885.3969805015067
2026-11-13,C1255,Alimentación,Castilla-La Mancha,Online,10,6.96,0.09,68,225.9023658823149
2026-11-14,C1256,Servicios,Cataluña,Distribuidor,7,167.51,0.07,38,1360.731247836885
2026-11-15,C1257,Moda,Valencia,Online,7,48.9,0.03,62,298.1804155896466
2026-11-16,C1258,Alimentación,Cataluña,Tienda,12,7.32,0.05,7,112.03508706008226
2026-11-17,C1259,Tecnología,Castilla-La Mancha,Tienda,12,291.78,0.06,71,2621.4057924621106
2026-11-18,C1260,Alimentación,Madrid,Online,8,35.94,0.07,50,363.81883854304454
2026-11-19,C1261,Servicios,Valencia,Online,10,206.93,0.15,52,1721.199316172487
2026-11-20,C1262,Tecnología,Madrid,Online,5,265.04,0.04,26,1100.2112312341403
2026-11-21,C1263,Alimentación,Madrid,Online,14,34.97,0.06,26,603.5237332778772
2026-11-22,C1264,Servicios,Madrid,Tienda,6,159.09,0.04,19,1151.7142242551804
2026-11-23,C1265,Moda,Andalucía,Online,6,61.08,0.08,9,178.45314251088504
2026-11-24,C1266,Moda,Andalucía,Online,8,66.67,0.04,61,786.147553131009
2026-11-25,C1267,Moda,Madrid,Online,9,64.38,0.12,20,570.2969937218002
2026-11-26,C1268,Hogar,Valencia,Distribuidor,7,120.8,0.03,50,803.4760231611101
2026-11-27,C1269,Hogar,Castilla-La Mancha,Online,12,134.57,0.04,22,1466.1503485684916
2026-11-28,C1270,Moda,Castilla-La Mancha,Online,9,83.0,0.08,13,658.1334087371579
2026-11-29,C1271,Moda,Cataluña,Online,11,58.46,0.05,12,552.7634937502462
2026-11-30,C1272,Servicios,Valencia,Online,6,179.54,0.02,10,1019.0722414027207
2026-11-01,C1273,Servicios,Andalucía,Distribuidor,8,191.91,0.1,65,1386.7334716289683
2026-11-02,C1274,Alimentación,Madrid,Online,7,50.54,0.07,30,398.33857286429355
2026-11-03,C1275,Alimentación,Cataluña,Online,8,25.08,0.09,8,128.34832172387485
2026-11-04,C1276,Moda,Castilla-La Mancha,Tienda,9,80.62,0.03,21,540.5904340146965
2026-11-05,C1277,Alimentación,Andalucía,Tienda,12,39.97,0.05,22,433.5108051215564
2026-11-06,C1278,Moda,Andalucía,Online,10,54.01,0.05,18,519.4181962985951
2026-11-07,C1279,Moda,Madrid,Tienda,9,82.0,0.11,66,900.1887179085112
2026-11-08,C1280,Servicios,Castilla-La Mancha,Distribuidor,8,182.27,0.04,48,1350.4506769941675
2026-11-09,C1281,Hogar,Valencia,Online,7,93.88,0.08,44,905.4652604476478
2026-11-10,C1282,Hogar,Andalucía,Tienda,6,115.59,0.16,9,724.2726263428915
2026-11-11,C1283,Tecnología,Madrid,Tienda,10,280.6,0.07,67,3428.151982141266
2026-11-12,C1284,Alimentación,Valencia,Tienda,7,25.91,0.09,54,111.04272411754661
2026-11-13,C1285,Tecnología,Castilla-La Mancha,Online,6,298.42,0.12,26,1693.5161182553586
2026-11-14,C1286,Alimentación,Andalucía,Online,4,53.97,0.1,26,396.9534201531288
2026-11-15,C1287,Alimentación,Valencia,Distribuidor,12,29.26,0.07,34,547.7332222624675
2026-11-16,C1288,Hogar,Valencia,Distribuidor,9,112.62,0.06,8,1143.9368276886332
2026-11-17,C1289,Alimentación,Valencia,Tienda,10,33.03,0.04,10,361.93898873677387
2026-11-18,C1290,Tecnología,Andalucía,Online,8,277.0,0.15,48,1805.9124011593415
2026-11-19,C1291,Tecnología,Andalucía,Tienda,6,271.11,0.06,55,1447.7315152054425
2026-11-20,C1292,Moda,Cataluña,Tienda,10,14.37,0.02,54,435.3385658025274
2026-11-21,C1293,Hogar,Castilla-La Mancha,Online,8,146.32,0.17,40,1049.8900037600638
2026-11-22,C1294,Tecnología,Madrid,Online,6,280.01,0.12,15,1701.221589588288
2026-11-23,C1295,Alimentación,Valencia,Distribuidor,10,32.33,0.02,18,414.3769472819282
2026-11-24,C1296,Moda,Cataluña,Online,8,74.88,0.11,23,337.2773316971787
2026-11-25,C1297,Tecnología,Madrid,Distribuidor,3,,0.08,62,800.7925452034568
2026-11-26,C1298,Alimentación,Cataluña,Online,7,28.55,0.11,46,369.34956210782605
2026-11-27,C1299,Tecnología,Andalucía,Online,7,264.92,0.01,39,1624.6030478462155
2026-11-28,C1300,Tecnología,Valencia,Online,8,,0.14,15,2190.6986363373203
2026-11-29,C1301,Alimentación,Madrid,Tienda,11,14.68,0.04,53,386.351409691894
2026-11-30,C1302,Alimentación,Madrid,Distribuidor,14,18.25,0.03,64,269.53209406289096
2026-11-31,C1303,Alimentación,Madrid,Online,9,44.76,0.09,63,380.713659756805
2026-11-01,C1304,Moda,Madrid,Distribuidor,7,80.87,0.1,16,482.1952127827754
2026-11-02,C1305,Servicios,Madrid,Tienda,11,166.77,0.02,70,2294.851022918753
2026-11-03,C1306,Alimentación,Cataluña,Distribuidor,11,-4.95,0.09,66,78.63088294171934
2026-11-04,C1307,Hogar,Valencia,Online,7,120.14,0.07,13,649.274618779529
2026-11-05,C1308,Moda,Andalucía,Distribuidor,8,63.68,0.08,47,585.4655261779398
2026-11-06,C1309,Hogar,Andalucía,Tienda,11,113.31,0.11,9,1262.9149423058202
2026-11-07,C1310,Alimentación,Andalucía,Online,12,49.34,0.1,63,753.70136382842
2026-11-08,C1311,Tecnología,Andalucía,Online,11,282.08,0.07,34,2594.909496182112
2026-11-09,C1312,Tecnología,Cataluña,Distribuidor,6,265.35,0.08,29,1475.337248892518
2026-11-10,C1313,Servicios,Castilla-La Mancha,Distribuidor,9,161.9,0.02,37,1397.9969401282556
2026-11-11,C1314,Moda,Valencia,Online,19,66.06,0.11,43,1137.8073249720626
2026-11-12,C1315,Moda,Madrid,Tienda,8,56.4,0.03,64,773.9353342410369
2026-11-13,C1316,Hogar,Castilla-La Mancha,Distribuidor,6,118.91,0.03,24,829.6438023443897
2026-11-14,C1317,Tecnología,Andalucía,Distribuidor,3,295.39,0.08,71,1057.3758155124535
2026-11-15,C1318,Tecnología,Castilla-La Mancha,Distribuidor,9,259.3,0.04,34,2141.9183597216747
2026-11-16,C1319,Hogar,Valencia,Tienda,7,121.32,0.07,48,839.2732030776274
2026-11-17,C1320,Alimentación,Madrid,Online,6,,0.07,12,317.2714869077251
2026-11-18,C1321,Moda,Madrid,Online,5,68.71,0.17,23,404.39366826694265
2026-11-19,C1322,Moda,Valencia,Online,11,80.82,0.04,13,1058.609485827846
2026-11-20,C1323,Hogar,Valencia,Tienda,10,115.69,0.03,45,1407.8657328248996
2026-11-21,C1324,Servicios,Andalucía,Tienda,11,182.56,0.07,65,2514.53152092841
2026-11-22,C1325,Moda,Madrid,Online,7,76.61,0.08,47,571.8747382492683
2026-11-23,C1326,Alimentación,Castilla-La Mancha,Distribuidor,6,26.42,0.07,58,259.11632180349454
2026-11-24,C1327,Alimentación,Cataluña,Tienda,9,64.86,0.08,5,356.5409849787871
2026-11-25,C1328,Hogar,Cataluña,Tienda,8,128.66,0.06,5,1016.7043524498323
2026-11-26,C1329,Hogar,Valencia,Tienda,5,139.54,0.09,60,553.294144493491
2026-11-27,C1330,Hogar,Andalucía,Tienda,9,136.07,0.05,21,1336.886526723148
2026-11-28,C1331,Moda,Cataluña,Online,5,74.91,0.06,24,205.04645275273006
2026-11-29,C1332,Tecnología,Madrid,Online,9,300.79,0.1,18,2895.574833464224
2026-11-30,C1333,Tecnología,Valencia,Online,7,282.82,0.15,21,1674.1357880977962
2026-11-01,C1334,Tecnología,Castilla-La Mancha,Online,16,269.05,0.06,54,4351.805705322011
2026-11-02,C1335,Tecnología,Valencia,Tienda,6,280.22,0.02,10,1348.5781709957635
2026-11-03,C1336,Servicios,Castilla-La Mancha,Tienda,7,164.91,0.02,24,1132.0903072573715
2026-11-04,C1337,Moda,Valencia,Online,6,38.47,0.07,60,422.4481626475006
2026-11-05,C1338,Alimentación,Valencia,Tienda,6,22.21,0.09,57,282.86693788386174
2026-11-06,C1339,Tecnología,Valencia,Online,10,281.09,0.04,23,2855.141527952988
2026-11-07,C1340,Alimentación,Castilla-La Mancha,Distribuidor,10,50.93,0.12,22,731.7102638806575
2026-11-08,C1341,Alimentación,Castilla-La Mancha,Distribuidor,9,22.17,0.05,68,287.78999772961726
2026-11-09,C1342,Tecnología,Valencia,Online,10,295.15,0.14,34,3104.0601915454276
2026-11-10,C1343,Alimentación,Cataluña,Tienda,10,16.84,0.08,70,135.62438984920095
2026-11-11,C1344,Hogar,Andalucía,Online,8,106.21,0.13,28,1119.8191320446697
2026-11-12,C1345,Alimentación,Andalucía,Tienda,8,56.74,0.03,39,317.3687264664317
2026-11-13,C1346,Alimentación,Andalucía,Tienda,7,35.71,0.07,42,435.8318237258959
2026-11-14,C1347,Tecnología,Castilla-La Mancha,Online,8,277.4,0.08,23,1922.7556959469612
2026-11-15,C1348,Hogar,Castilla-La Mancha,Tienda,5,123.53,0.15,70,1098.2358177950455
2026-11-16,C1349,Alimentación,Cataluña,Online,8,16.9,0.08,2,140.57973526820527
2026-11-17,C1350,Alimentación,Andalucía,Online,9,30.04,0.03,24,218.38032755626188
2026-11-18,C1351,Servicios,Andalucía,Tienda,9,180.04,0.03,17,1975.4830211259923
2026-11-19,C1352,Alimentación,Valencia,Online,8,53.47,0.09,65,418.64352985707444
2026-11-20,C1353,Tecnología,Castilla-La Mancha,Tienda,12,254.94,0.04,70,3471.9845384510595
2026-11-21,C1354,Tecnología,Andalucía,Online,6,306.44,0.08,69,2099.2670291450722
2026-11-22,C1355,Alimentación,Cataluña,Distribuidor,2,33.13,0.08,60,228.5486112121305
2026-11-23,C1356,Tecnología,Cataluña,Online,7,263.34,0.12,50,1785.0003200986043
2026-11-24,C1357,Alimentación,Andalucía,Tienda,10,15.63,0.08,12,136.5453842446453
2026-11-25,C1358,Servicios,Castilla-La Mancha,Tienda,6,184.1,0.02,47,1184.8131776233602
2026-11-26,C1359,Alimentación,Cataluña,Online,9,14.79,0.08,67,293.58365980662484
2026-11-27,C1360,Hogar,Valencia,Distribuidor,11,111.6,0.04,65,1205.2251747599696
2026-11-28,C1361,Alimentación,Cataluña,Tienda,13,31.25,0.1,27,526.1542119143159
2026-11-29,C1362,Alimentación,Madrid,Tienda,6,52.16,0.14,48,241.41682069654556
2026-11-30,C1363,Alimentación,Madrid,Tienda,5,50.28,0.05,62,337.92865630657525
2026-11-31,C1364,Servicios,Castilla-La Mancha,Distribuidor,12,170.36,0.12,44,1584.1000989338675
2026-01-01,C1365,Hogar,Andalucía,Distribuidor,9,116.81,0.03,19,1110.0206075287408
2026-01-02,C1366,Servicios,Castilla-La Mancha,Tienda,16,156.07,0.11,59,2170.0139339281727
2026-01-03,C1367,Servicios,Castilla-La Mancha,Tienda,6,,0.1,8,593.1432468124576
2026-01-04,C1368,Tecnología,Castilla-La Mancha,Online,13,261.56,0.15,55,3210.288238421419
2026-01-05,C1369,Tecnología,Castilla-La Mancha,Online,6,296.85,0.07,47,1900.4599162643196
2026-01-06,C1370,Tecnología,Valencia,Tienda,6,291.7,0.03,2,1430.6337916320556
2026-01-07,C1371,Tecnología,Valencia,Online,11,285.75,0.02,39,3207.0372473715047
2026-01-08,C1372,Tecnología,Cataluña,Tienda,7,258.14,0.04,45,1765.194983114439
2026-01-09,C1373,Moda,Madrid,Online,12,59.33,0.02,32,594.511555134944
2026-01-10,C1374,Tecnología,Castilla-La Mancha,Online,9,267.13,0.04,65,2830.4697072852036
2026-01-11,C1375,Hogar,Cataluña,Tienda,8,117.51,0.1,38,676.4413132756482
2026-01-12,C1376,Servicios,Madrid,Distribuidor,10,176.56,0.08,11,1428.208659033247
2026-01-13,C1377,Tecnología,Andalucía,Online,14,,0.14,10,2784.40529907993
2026-01-14,C1378,Moda,Valencia,Tienda,6,75.24,0.08,59,572.9146713682802
2026-01-15,C1379,Hogar,Madrid,Distribuidor,6,123.43,0.07,55,699.3190389221975
2026-01-16,C1380,Tecnología,Andalucía,Online,16,269.07,0.09,20,4536.46934099299
2026-01-17,C1381,Moda,Madrid,Distribuidor,5,74.56,0.03,17,384.72622213606235
2026-01-18,C1382,Alimentación,Valencia,Online,8,51.86,0.08,68,680.5524633080101
2026-01-19,C1383,Servicios,Valencia,Online,12,201.42,0.14,5,2012.1866424895466
2026-01-20,C1384,Moda,Cataluña,Distribuidor,11,77.36,0.03,60,740.1759257758059
2026-01-21,C1385,Moda,Castilla-La Mancha,Online,11,76.92,0.12,23,851.3795503977702
2026-01-22,C1386,Hogar,Madrid,Tienda,19,116.4,0.07,46,1889.0571768371647
2026-01-23,C1387,Tecnología,Madrid,Distribuidor,15,295.45,0.04,52,3561.7294938810796
2026-01-24,C1388,Moda,Andalucía,Online,7,53.94,0.07,10,282.5553462182566
2026-01-25,C1389,Moda,Valencia,Tienda,8,83.71,0.02,46,936.779384184828
2026-01-26,C1390,Servicios,Madrid,Distribuidor,8,175.69,0.1,28,1377.6331949732573
2026-01-27,C1391,Hogar,Valencia,Online,10,142.36,0.03,43,1368.343280470373
2026-01-28,C1392,Hogar,Madrid,Distribuidor,5,128.82,0.04,26,785.0699082258143
2026-01-29,C1393,Moda,Cataluña,Tienda,7,68.98,0.17,55,424.99724672086285
2026-01-30,C1394,Hogar,Castilla-La Mancha,Tienda,11,,0.06,48,1446.209334591247
2026-01-31,C1395,Servicios,Madrid,Tienda,11,187.88,0.02,29,1917.7733440479951
2026-02-01,C1396,Servicios,Valencia,Online,5,187.16,0.07,27,1021.6518291140633
2026-02-02,C1397,Alimentación,Cataluña,Distribuidor,10,29.02,0.08,18,184.10674243010408
2026-02-03,C1398,Moda,Madrid,Distribuidor,11,71.38,0.09,60,1134.241333048523
2026-02-04,C1399,Moda,Andalucía,Tienda,5,83.45,0.14,69,780.7160874006305
2026-02-05,C1400,Tecnología,Castilla-La Mancha,Tienda,12,259.55,0.05,21,2813.774157640498
2026-02-06,C1401,Servicios,Madrid,Tienda,9,190.89,0.07,24,1748.1558107221138
2026-02-07,C1402,Alimentación,Cataluña,Tienda,8,42.82,0.09,3,447.74684882056965
2026-02-08,C1403,Moda,Andalucía,Tienda,13,87.8,0.05,62,1003.485455314455
2026-02-09,C1404,Hogar,Cataluña,Tienda,7,109.27,0.01,2,1014.2478481588216
2026-02-10,C1405,Servicios,Cataluña,Tienda,10,180.09,0.14,66,1457.4995153635143
2026-02-11,C1406,Hogar,Andalucía,Tienda,6,123.08,0.07,42,1142.5153047360693
2026-02-12,C1407,Tecnología,Cataluña,Tienda,9,291.08,0.06,34,2878.3440901729614
2026-02-13,C1408,Servicios,Andalucía,Online,9,186.44,0.06,42,1983.876204670378
2026-02-14,C1409,Tecnología,Madrid,Online,7,261.41,0.05,20,1582.0264480911148
2026-02-15,C1410,Hogar,Andalucía,Online,7,124.37,0.16,68,1076.6971069974602
2026-02-16,C1411,Servicios,Andalucía,Tienda,12,210.06,0.1,45,2281.353097932597
2026-02-17,C1412,Servicios,Castilla-La Mancha,Tienda,10,189.18,0.04,42,1562.1743751684285
2026-02-18,C1413,Alimentación,Andalucía,Tienda,14,59.57,0.07,47,623.4515298343915
2026-02-19,C1414,Alimentación,Andalucía,Tienda,8,50.65,0.04,5,587.4061435233731
2026-02-20,C1415,Alimentación,Madrid,Tienda,6,55.44,0.03,49,399.56047177955855
2026-02-21,C1416,Hogar,Castilla-La Mancha,Online,11,124.65,0.05,37,1409.0937814139422
2026-02-22,C1417,Hogar,Valencia,Tienda,8,127.83,0.1,34,1093.1187582711873
2026-02-23,C1418,Moda,Madrid,Tienda,10,73.83,0.01,70,936.368333688064
2026-02-24,C1419,Moda,Madrid,Distribuidor,11,70.07,0.03,18,1005.4035081471244
2026-02-25,C1420,Moda,Valencia,Online,8,81.13,0.12,19,484.0747262614027
2026-02-26,C1421,Moda,Andalucía,Online,7,62.18,0.08,40,742.7373120858158
2026-02-27,C1422,Tecnología,Cataluña,Online,9,308.28,0.11,17,2575.4621528651705
2026-02-28,C1423,Alimentación,Castilla-La Mancha,Online,8,21.08,0.14,60,387.9187836852922
2026-03-01,C1424,Tecnología,Cataluña,Tienda,7,292.17,0.0,42,1982.3603399369683
2026-03-02,C1425,Alimentación,Valencia,Online,11,55.68,0.07,65,614.5984485840315
2026-03-03,C1426,Alimentación,Madrid,Tienda,10,32.35,0.08,53,576.6421850231619
2026-03-04,C1427,Servicios,Madrid,Tienda,5,163.31,0.03,7,1056.2959940466951
2026-03-05,C1428,Hogar,Castilla-La Mancha,Online,10,137.33,0.1,5,1385.3652211564627
2026-03-06,C1429,Tecnología,Madrid,Online,15,283.05,0.03,24,3378.7867760019217
2026-03-07,C1430,Tecnología,Madrid,Online,6,292.2,0.07,28,1498.5341152101823
2026-03-08,C1431,Moda,Castilla-La Mancha,Online,12,68.36,0.08,62,603.9030901302857
2026-03-09,C1432,Alimentación,Castilla-La Mancha,Online,3,60.98,0.08,17,116.50640562601359
2026-03-10,C1433,Tecnología,Valencia,Distribuidor,5,248.24,0.06,20,1394.1860170547075
2026-03-11,C1434,Tecnología,,Online,10,285.64,0.04,3,3237.401929635279
2026-03-12,C1435,Moda,Madrid,Distribuidor,3,90.13,0.07,37,234.20359173629393
2026-03-13,C1436,Tecnología,Valencia,Online,11,281.58,0.09,15,3598.5237914254158
2026-03-14,C1437,Moda,,Distribuidor,9,,0.04,51,911.3827979843436
2026-03-15,C1438,Moda,Andalucía,Tienda,14,63.49,0.05,48,916.5658191808565
2026-03-16,C1439,Tecnología,Andalucía,Tienda,7,280.31,0.09,8,1552.3157704997304
2026-03-17,C1440,Tecnología,Valencia,Tienda,12,254.92,0.08,13,3039.945551516473
2026-03-18,C1441,Servicios,Madrid,Tienda,8,169.22,0.12,48,1375.7409223092138
2026-03-19,C1442,Hogar,,Tienda,5,108.2,0.11,3,453.5390523570631
2026-03-20,C1443,Hogar,Valencia,Tienda,5,130.04,0.09,65,625.3685432944152
2026-03-21,C1444,Moda,Andalucía,Tienda,5,61.43,0.08,31,297.87232361404307
2026-03-22,C1445,Servicios,Cataluña,Online,7,171.86,0.18,26,1172.6347269896244
2026-03-23,C1446,Servicios,Madrid,Online,6,174.33,0.03,56,1280.0451646748563
2026-03-24,C1447,Moda,Andalucía,Tienda,12,58.77,0.06,34,872.1358288138982
2026-03-25,C1448,Hogar,Cataluña,Tienda,12,124.04,0.09,9,1286.6005591783835
2026-03-26,C1449,Tecnología,Cataluña,Tienda,5,285.66,0.01,62,1646.1268479764337
2026-03-27,C1450,Moda,Castilla-La Mancha,Tienda,7,82.38,0.04,13,545.2366540826055
2026-03-28,C1451,Alimentación,Madrid,Distribuidor,8,44.79,0.01,69,598.5970925612337
2026-03-29,C1452,Alimentación,Cataluña,Online,7,43.29,0.02,41,446.6399088354618
2026-03-30,C1453,Servicios,Andalucía,Online,9,175.07,0.03,1,1831.4376368055368
2026-03-31,C1454,Tecnología,Castilla-La Mancha,Online,8,274.1,0.04,47,1779.4192958776737
2026-04-01,C1455,Alimentación,Madrid,Tienda,5,21.93,0.05,4,44.82159704774151
2026-04-02,C1456,Tecnología,Valencia,Distribuidor,9,,0.05,63,2577.9040344240634
2026-04-03,C1457,Alimentación,Andalucía,Online,5,37.91,0.05,52,271.5657794610521
2026-04-04,C1458,Tecnología,Cataluña,Tienda,14,269.21,0.09,10,2710.8374031529165
2026-04-05,C1459,Tecnología,Cataluña,Online,8,302.02,0.04,28,2090.1073860708248
2026-04-06,C1460,Tecnología,Andalucía,Tienda,8,279.44,0.04,6,2227.8564281118497
2026-04-07,C1461,Alimentación,Cataluña,Tienda,7,57.52,0.08,27,296.9002505947371
2026-04-08,C1462,Moda,Castilla-La Mancha,Online,10,78.58,0.04,12,821.4346242404753
2026-04-09,C1463,Alimentación,Madrid,Tienda,8,23.34,0.03,62,350.3567195450011
2026-04-10,C1464,Servicios,Castilla-La Mancha,Online,8,179.07,0.04,52,1551.7338335910536
2026-04-11,C1465,Hogar,Cataluña,Online,11,94.9,0.16,48,1092.8061149310254
2026-04-12,C1466,Hogar,Valencia,Online,11,122.86,0.07,67,1237.1051761396175
2026-04-13,C1467,Servicios,Madrid,Online,11,169.71,0.03,46,2351.216258457525
2026-04-14,C1468,Hogar,Madrid,Online,4,103.3,0.02,15,439.6690881797893
2026-04-15,C1469,Servicios,Andalucía,Tienda,10,202.83,0.09,71,1982.644365165824
2026-04-16,C1470,Tecnología,Andalucía,Tienda,11,295.46,0.04,36,3100.160535188982
2026-04-17,C1471,Servicios,Valencia,Tienda,11,195.05,0.02,14,2309.419728858095
2026-04-18,C1472,Tecnología,Madrid,Online,9,291.73,0.01,3,2797.319610666484
2026-04-19,C1473,Servicios,Valencia,Tienda,10,161.48,0.05,67,1892.6154676739989
2026-04-20,C1474,Alimentación,Andalucía,Online,15,28.99,0.11,19,530.755526748773
2026-04-21,C1475,Servicios,,Online,10,174.91,0.08,54,1959.1078140966815
2026-04-22,C1476,Tecnología,Madrid,Distribuidor,12,254.35,0.06,69,3054.7650888049006
2026-04-23,C1477,Alimentación,Castilla-La Mancha,Online,10,26.64,0.17,10,423.43142896734986
2026-04-24,C1478,Servicios,Cataluña,Tienda,5,171.81,0.18,33,980.2694367688769
2026-04-25,C1479,Alimentación,Andalucía,Tienda,9,36.89,0.16,13,211.53864092230674
2026-04-26,C1480,Alimentación,Andalucía,Online,14,72.99,0.15,51,1168.386104477594
2026-04-27,C1481,Moda,Castilla-La Mancha,Online,4,69.69,0.04,32,377.9494536900432
2026-04-28,C1482,Alimentación,Castilla-La Mancha,Online,10,36.9,0.01,24,392.63434819076036
2026-04-29,C1483,Alimentación,Valencia,Distribuidor,9,31.25,0.1,35,405.1435512845444
2026-04-30,C1484,Alimentación,Valencia,Online,8,46.07,0.02,70,488.6105085868429
2026-05-01,C1485,Servicios,Cataluña,Online,6,163.89,0.08,40,1175.1675258128741
2026-05-02,C1486,Tecnología,Cataluña,Online,3,308.44,0.09,54,1115.761766676128
2026-05-03,C1487,Hogar,Madrid,Tienda,7,118.14,0.09,44,854.4323969109446
2026-05-04,C1488,Servicios,Valencia,Online,5,174.07,0.1,62,998.7794198825796
2026-05-05,C1489,Servicios,Andalucía,Online,9,194.55,0.03,68,2053.690174408869
2026-05-06,C1490,Alimentación,Valencia,Tienda,11,21.64,0.0,33,376.304064559121
2026-05-07,C1491,Alimentación,Andalucía,Distribuidor,8,45.79,0.04,56,472.2449401031489
2026-05-08,C1492,Hogar,Castilla-La Mancha,Online,10,141.08,0.11,36,1495.459369192165
2026-05-09,C1493,Tecnología,Valencia,Online,7,276.38,0.09,54,1876.7736773597444
2026-05-10,C1494,Alimentación,Castilla-La Mancha,Online,9,65.79,0.03,19,611.3281450656842
2026-05-11,C1495,Hogar,Cataluña,Tienda,8,129.66,0.03,43,1286.650230709684
2026-05-12,C1496,Alimentación,Cataluña,Online,3,44.85,0.03,12,16.13642348569463
2026-05-13,C1497,Tecnología,Madrid,Tienda,10,300.49,0.12,11,2730.2550919308596
2026-05-14,C1498,Servicios,Valencia,Tienda,6,204.46,0.04,70,1097.6566076347237
2026-05-15,C1499,Servicios,Castilla-La Mancha,Tienda,12,183.93,0.04,12,1683.6324768225618
2026-11-01,C1304,Moda,Madrid,Distribuidor,7,80.87,0.1,16,536.4126376767051
2026-11-07,C1340,Alimentación,Castilla-La Mancha,Distribuidor,10,50.93,0.12,22,628.6931588646984
2026-11-17,C1047,Alimentación,Valencia,Online,8,49.01,0.02,38,484.8392604478088
2026-11-09,C1067,Moda,Andalucía,Tienda,4,47.41,0.05,18,127.36104114881712
2026-04-25,C1479,Alimentación,Andalucía,Tienda,9,36.89,0.16,13,180.0809287902652
